City,Lat,Lng,Max Temp,Humidity,Cloudiness,Wind Speed,Country,Date,Current Description
Khandyga,62.67,135.6,13.59,86,98,2.1,RU,2020-10-26 20:27:49,overcast clouds
Derzhavinsk,51.1,66.32,35.35,90,100,21.39,KZ,2020-10-26 20:27:49,overcast clouds
Bangassou,4.74,22.82,69.71,90,100,2.3,CF,2020-10-26 20:27:49,overcast clouds
Methoni,36.82,21.7,64.99,82,0,4.7,GR,2020-10-26 20:27:50,clear sky
Rikitea,-23.12,-134.97,75.34,85,100,19.24,PF,2020-10-26 20:27:50,light rain
Kavaratti,10.57,72.64,82.42,72,81,7.0,IN,2020-10-26 20:27:50,broken clouds
Miandrivazo,-19.52,45.47,78.82,62,0,5.66,MG,2020-10-26 20:27:50,clear sky
Cherskiy,68.75,161.3,4.68,93,42,5.84,RU,2020-10-26 20:27:50,scattered clouds
Albany,42.6,-73.97,48.99,83,100,1.01,US,2020-10-26 20:27:51,light rain
Port Hedland,-20.32,118.57,68.0,94,65,8.81,AU,2020-10-26 20:27:51,broken clouds
Yellowknife,62.46,-114.35,25.0,62,75,5.82,CA,2020-10-26 20:27:51,broken clouds
Provideniya,64.38,-173.3,30.2,74,90,0.74,RU,2020-10-26 20:27:51,overcast clouds
Kaitangata,-46.28,169.85,52.0,81,99,4.0,NZ,2020-10-26 20:27:52,overcast clouds
Hirara,24.8,125.28,76.62,70,94,15.95,JP,2020-10-26 20:27:52,overcast clouds
Kruisfontein,-34.0,24.73,64.0,92,100,7.0,ZA,2020-10-26 20:27:52,overcast clouds
Castro,-24.79,-50.01,72.09,70,100,7.16,BR,2020-10-26 20:23:31,overcast clouds
Chicama,-7.84,-79.15,64.4,82,75,13.87,PE,2020-10-26 20:27:52,broken clouds
Lebu,-37.62,-73.65,54.01,71,100,8.61,CL,2020-10-26 20:27:52,overcast clouds
Guadalajara,20.67,-103.33,88.0,23,40,0.83,MX,2020-10-26 20:25:50,scattered clouds
Strezhevoy,60.73,77.59,26.6,86,90,15.66,RU,2020-10-26 20:27:53,overcast clouds
Punta Arenas,-53.15,-70.92,53.6,40,20,35.57,CL,2020-10-26 20:24:22,few clouds
Akureyri,65.68,-18.09,37.4,69,90,5.82,IS,2020-10-26 20:27:53,overcast clouds
Souillac,-20.52,57.52,73.4,73,40,10.29,MU,2020-10-26 20:27:53,scattered clouds
Rawson,-43.3,-65.1,71.13,29,100,17.83,AR,2020-10-26 20:27:54,overcast clouds
Podyuga,61.09,40.86,31.23,95,98,8.23,RU,2020-10-26 20:27:54,overcast clouds
Chuy,-33.7,-53.46,58.53,92,100,16.96,UY,2020-10-26 20:27:54,light rain
Mangrol,21.12,70.12,82.18,63,0,1.72,IN,2020-10-26 20:27:54,clear sky
Hithadhoo,-0.6,73.08,83.16,66,17,6.53,MV,2020-10-26 20:27:54,few clouds
Inuvik,68.35,-133.72,10.4,78,90,10.29,CA,2020-10-26 20:27:55,overcast clouds
Upernavik,72.79,-56.15,17.51,80,98,4.47,GL,2020-10-26 20:27:55,overcast clouds
Inhambane,-23.86,35.38,75.2,88,20,3.36,MZ,2020-10-26 20:27:55,few clouds
Uvinza,-5.1,30.39,69.4,85,62,1.07,TZ,2020-10-26 20:27:55,broken clouds
Luderitz,-26.65,15.16,62.1,71,0,16.71,NA,2020-10-26 20:27:55,clear sky
Lavrentiya,65.58,-171.0,30.34,92,20,5.57,RU,2020-10-26 20:27:56,few clouds
Salalah,17.02,54.09,77.0,61,0,2.24,OM,2020-10-26 20:27:56,clear sky
Jamestown,42.1,-79.24,46.99,100,90,6.13,US,2020-10-26 20:27:56,mist
Bluff,-46.6,168.33,52.0,86,89,1.79,NZ,2020-10-26 20:27:57,overcast clouds
Busselton,-33.65,115.33,55.0,77,25,7.83,AU,2020-10-26 20:27:57,scattered clouds
Puerto Ayora,-0.74,-90.35,73.4,69,20,18.34,EC,2020-10-26 20:27:57,few clouds
Kodiak,57.79,-152.41,50.0,46,40,16.11,US,2020-10-26 20:23:57,scattered clouds
Jinxiang,27.43,120.61,63.5,85,15,7.0,CN,2020-10-26 20:27:58,few clouds
Sidi Ali,36.1,0.42,59.14,69,0,10.8,DZ,2020-10-26 20:27:58,clear sky
Atuona,-9.8,-139.03,78.91,76,86,19.69,PF,2020-10-26 20:27:58,light rain
Port Alfred,-33.59,26.89,65.79,82,100,28.01,ZA,2020-10-26 20:27:58,overcast clouds
Saint George,37.1,-113.58,48.99,15,1,25.28,US,2020-10-26 20:26:02,clear sky
Port Elizabeth,-33.92,25.57,64.4,88,98,19.46,ZA,2020-10-26 20:27:59,overcast clouds
Nyrob,60.73,56.72,21.09,95,0,8.75,RU,2020-10-26 20:27:59,clear sky
Kapaa,22.08,-159.32,84.2,70,40,5.82,US,2020-10-26 20:27:59,scattered clouds
Den Helder,52.96,4.76,50.0,87,90,9.17,NL,2020-10-26 20:27:59,light rain
Pevek,69.7,170.31,23.77,94,98,11.45,RU,2020-10-26 20:28:00,overcast clouds
Bethel,41.37,-73.41,54.0,87,90,4.7,US,2020-10-26 20:28:00,overcast clouds
Saint-Augustin,51.23,-58.65,36.46,66,93,10.31,CA,2020-10-26 20:28:00,overcast clouds
Carnarvon,-24.87,113.63,68.0,82,0,19.46,AU,2020-10-26 20:28:00,clear sky
Necochea,-38.55,-58.74,62.08,51,0,4.38,AR,2020-10-26 20:28:01,clear sky
Hasaki,35.73,140.83,51.8,93,75,5.82,JP,2020-10-26 20:28:01,broken clouds
Rio Gallegos,-51.62,-69.22,62.6,77,20,28.86,AR,2020-10-26 20:28:01,few clouds
Quthing,-30.4,27.7,65.79,51,92,2.39,LS,2020-10-26 20:28:01,light rain
Mahebourg,-20.41,57.7,73.4,73,40,10.29,MU,2020-10-26 20:28:01,scattered clouds
Ahipara,-35.17,173.17,63.97,86,20,4.16,NZ,2020-10-26 20:28:02,few clouds
Moses Lake,47.13,-119.28,37.99,40,1,2.08,US,2020-10-26 20:28:02,clear sky
Ushuaia,-54.8,-68.3,51.8,62,40,12.75,AR,2020-10-26 20:26:53,scattered clouds
Bengkulu,-3.8,102.27,74.62,85,100,3.91,ID,2020-10-26 20:28:02,overcast clouds
Daimiel,39.07,-3.62,48.99,70,0,5.82,ES,2020-10-26 20:28:02,clear sky
Victoria,22.29,114.16,75.0,79,75,1.99,HK,2020-10-26 20:24:54,broken clouds
Kahului,20.89,-156.47,87.8,52,20,5.82,US,2020-10-26 20:25:00,few clouds
Huixtla,15.15,-92.47,86.0,79,40,4.0,MX,2020-10-26 20:28:03,scattered clouds
Norsup,-16.07,167.38,77.0,88,75,6.93,VU,2020-10-26 20:28:04,light intensity shower rain
Cidreira,-30.18,-50.21,69.28,92,100,6.96,BR,2020-10-26 20:28:04,moderate rain
Hilo,19.73,-155.09,78.01,83,90,4.7,US,2020-10-26 20:27:50,overcast clouds
Mataura,-46.19,168.86,52.0,86,92,1.66,NZ,2020-10-26 20:28:05,overcast clouds
Barrow,71.29,-156.79,19.4,85,90,5.82,US,2020-10-26 20:28:06,overcast clouds
Thompson,55.74,-97.86,30.2,50,40,12.75,CA,2020-10-26 20:26:28,scattered clouds
Esperance,-33.87,121.9,53.6,93,0,5.82,AU,2020-10-26 20:28:07,clear sky
Okato,-39.2,173.88,63.0,82,93,8.99,NZ,2020-10-26 20:28:07,moderate rain
Norman Wells,65.28,-126.83,24.8,85,90,21.92,CA,2020-10-26 20:28:08,light snow
Baloda,22.15,82.48,70.18,65,1,3.04,IN,2020-10-26 20:28:08,clear sky
Gigmoto,13.78,124.39,79.34,80,100,5.03,PH,2020-10-26 20:28:08,light rain
Ajdabiya,30.76,20.23,71.4,69,0,6.22,LY,2020-10-26 20:28:09,clear sky
Clyde River,70.47,-68.59,15.8,72,90,12.75,CA,2020-10-26 20:28:09,overcast clouds
Codrington,-38.27,141.97,47.52,79,68,12.08,AU,2020-10-26 20:28:09,broken clouds
Vestmannaeyjar,63.44,-20.27,43.27,76,100,26.49,IS,2020-10-26 20:28:10,overcast clouds
Chokurdakh,70.63,147.92,9.14,96,100,12.46,RU,2020-10-26 20:24:07,light snow
Posse,-14.09,-46.37,85.21,47,95,5.44,BR,2020-10-26 20:28:10,overcast clouds
Progreso,21.28,-89.67,84.2,83,75,11.41,MX,2020-10-26 20:28:11,light rain
Itupiranga,-5.13,-49.33,95.0,50,20,4.7,BR,2020-10-26 20:28:11,few clouds
Port Moresby,-9.44,147.18,75.85,91,100,3.47,PG,2020-10-26 20:28:11,light rain
Tuktoyaktuk,69.45,-133.04,8.6,84,75,11.41,CA,2020-10-26 20:26:02,broken clouds
Saskylakh,71.92,114.08,3.72,93,97,5.82,RU,2020-10-26 20:28:12,overcast clouds
New Norfolk,-42.78,147.06,50.0,64,100,1.52,AU,2020-10-26 20:28:12,overcast clouds
Rio Grande,-32.03,-52.1,69.01,96,100,21.3,BR,2020-10-26 20:26:55,heavy intensity rain
Chapleau,47.84,-83.4,26.6,79,90,3.36,CA,2020-10-26 20:28:13,overcast clouds
Ayan,56.45,138.17,32.59,76,1,3.56,RU,2020-10-26 20:28:13,clear sky
Merauke,-8.47,140.33,77.38,88,99,10.25,ID,2020-10-26 20:28:13,overcast clouds
Champasak,14.75,106.0,70.59,99,100,1.14,LA,2020-10-26 20:28:13,light rain
Saint-Philippe,-21.36,55.77,71.6,78,90,5.82,RE,2020-10-26 20:28:14,overcast clouds
Carutapera,-1.2,-46.02,83.77,69,92,8.48,BR,2020-10-26 20:28:14,moderate rain
Cape Town,-33.93,18.42,66.99,82,0,6.93,ZA,2020-10-26 20:23:23,clear sky
Lewisporte,49.25,-55.05,39.99,48,75,6.93,CA,2020-10-26 20:28:14,broken clouds
Cabo San Lucas,22.89,-109.91,91.4,54,5,16.11,MX,2020-10-26 20:23:47,clear sky
Lata,40.16,-8.33,54.0,85,94,1.66,PT,2020-10-26 20:28:15,overcast clouds
Chiredzi,-21.05,31.67,78.19,39,0,7.29,ZW,2020-10-26 20:28:15,clear sky
Mar Del Plata,-38.0,-57.56,62.6,48,0,10.29,AR,2020-10-26 20:23:31,clear sky
Pamplona,42.82,-1.64,46.99,81,0,2.24,ES,2020-10-26 20:24:53,clear sky
Butaritari,3.07,172.79,81.43,65,100,6.31,KI,2020-10-26 20:28:16,overcast clouds
Jumla,29.27,82.18,41.83,58,0,4.59,NP,2020-10-26 20:28:17,clear sky
Bitung,1.45,125.18,73.4,94,20,2.24,ID,2020-10-26 20:25:53,few clouds
Hofn,64.25,-15.21,37.4,59,0,16.11,IS,2020-10-26 20:28:17,clear sky
Axim,4.87,-2.24,78.46,86,100,6.33,GH,2020-10-26 20:28:18,moderate rain
Mangai,-4.05,19.53,70.16,94,100,1.48,CD,2020-10-26 20:28:18,overcast clouds
Sinnamary,5.38,-52.95,83.93,72,2,9.64,GF,2020-10-26 20:28:18,clear sky
Tibiri,13.56,7.05,85.1,15,68,7.29,NE,2020-10-26 20:28:19,broken clouds
Lorengau,-2.02,147.27,79.92,77,100,3.89,PG,2020-10-26 20:28:19,moderate rain
Nikolskoye,59.7,30.79,48.2,81,90,4.47,RU,2020-10-26 20:28:19,light rain
Baruun-Urt,46.68,113.28,22.05,79,0,6.33,MN,2020-10-26 20:28:19,clear sky
Sola,-13.88,167.55,79.34,83,92,19.77,VU,2020-10-26 20:28:20,overcast clouds
Isangel,-19.55,169.27,75.88,74,18,10.58,VU,2020-10-26 20:28:20,few clouds
Kulhudhuffushi,6.62,73.07,82.35,75,50,6.82,MV,2020-10-26 20:28:20,scattered clouds
Daru,-9.08,143.21,77.63,87,62,6.89,PG,2020-10-26 20:28:21,broken clouds
Dingle,11.0,122.67,75.7,92,100,5.91,PH,2020-10-26 20:28:21,light rain
Bredasdorp,-34.53,20.04,64.4,82,100,14.99,ZA,2020-10-26 20:28:21,overcast clouds
Vavoua,7.38,-6.48,77.59,72,97,1.88,CI,2020-10-26 20:28:22,overcast clouds
Narsaq,60.92,-46.05,42.8,30,75,14.99,GL,2020-10-26 20:28:22,broken clouds
Sigli,5.38,95.96,78.24,75,91,5.66,ID,2020-10-26 20:28:22,overcast clouds
Iquique,-20.22,-70.14,64.4,68,90,11.41,CL,2020-10-26 20:28:23,overcast clouds
Richards Bay,-28.78,32.04,67.93,81,100,7.58,ZA,2020-10-26 20:28:23,light rain
Yoichi,43.2,140.77,41.0,100,70,3.0,JP,2020-10-26 20:28:23,broken clouds
Avarua,-21.21,-159.78,75.2,73,100,14.99,CK,2020-10-26 20:28:23,overcast clouds
Hamilton,39.18,-84.53,50.0,81,90,5.82,US,2020-10-26 20:28:24,overcast clouds
Ishigaki,24.34,124.16,77.0,72,99,16.98,JP,2020-10-26 20:28:24,overcast clouds
Barahona,18.21,-71.1,87.8,79,40,13.87,DO,2020-10-26 20:28:24,scattered clouds
Taoudenni,22.68,-3.98,89.96,17,9,10.76,ML,2020-10-26 20:28:24,clear sky
Tiksi,71.69,128.87,6.13,93,99,8.01,RU,2020-10-26 20:28:25,overcast clouds
Hualmay,-11.1,-77.61,69.13,69,97,9.53,PE,2020-10-26 20:28:25,overcast clouds
Hermanus,-34.42,19.23,64.0,84,92,4.0,ZA,2020-10-26 20:28:25,overcast clouds
East London,-33.02,27.91,65.86,85,99,20.42,ZA,2020-10-26 20:28:25,light rain
Marshall,34.38,-86.33,75.0,64,75,2.17,US,2020-10-26 20:24:59,broken clouds
Matagami,49.75,-77.63,24.8,92,90,11.41,CA,2020-10-26 20:28:26,light snow
Mount Gambier,-37.83,140.77,46.4,87,99,10.29,AU,2020-10-26 20:28:26,overcast clouds
Port-Gentil,-0.72,8.78,78.8,88,75,9.17,GA,2020-10-26 20:28:27,thunderstorm
Banjar,-8.19,114.97,78.8,88,20,2.24,ID,2020-10-26 20:28:27,few clouds
Severo-Kurilsk,50.68,156.12,43.21,84,95,3.31,RU,2020-10-26 20:28:27,overcast clouds
Coquimbo,-29.95,-71.34,62.6,67,0,12.75,CL,2020-10-26 20:28:28,clear sky
Nanortalik,60.14,-45.24,34.83,87,100,10.83,GL,2020-10-26 20:28:28,overcast clouds
Tokur,53.13,132.9,24.58,87,100,3.06,RU,2020-10-26 20:28:28,overcast clouds
Leua,48.22,18.61,60.01,81,100,5.01,SK,2020-10-26 20:28:29,overcast clouds
Elko,41.0,-115.5,45.0,28,8,3.0,US,2020-10-26 20:28:29,clear sky
Custoias,41.11,-7.32,48.99,8,65,5.32,PT,2020-10-26 20:28:30,broken clouds
Kamenka,51.32,42.77,44.13,77,40,6.02,RU,2020-10-26 20:28:30,scattered clouds
Ribeira Grande,38.52,-28.7,69.8,88,75,18.34,PT,2020-10-26 20:28:30,broken clouds
Khatanga,71.97,102.5,2.61,94,83,9.51,RU,2020-10-26 20:28:31,broken clouds
Pingzhuang,42.04,119.29,39.67,63,0,10.56,CN,2020-10-26 20:28:31,clear sky
Vardo,70.37,31.11,35.6,93,75,21.92,NO,2020-10-26 20:28:31,broken clouds
Ituporanga,-27.41,-49.6,79.0,72,100,1.01,BR,2020-10-26 20:28:31,overcast clouds
Cap-Haitien,19.76,-72.2,87.8,66,40,10.29,HT,2020-10-26 20:28:32,scattered clouds
Margate,51.38,1.39,51.01,66,99,3.0,GB,2020-10-26 20:28:32,light rain
Semme,46.2,1.5,46.99,100,1,8.05,FR,2020-10-26 20:28:32,clear sky
Paamiut,61.99,-49.67,32.67,90,100,32.1,GL,2020-10-26 20:26:00,overcast clouds
Vilyuysk,63.76,121.62,8.98,93,100,6.55,RU,2020-10-26 20:28:33,overcast clouds
Khor,47.89,134.95,35.24,91,2,4.25,RU,2020-10-26 20:28:33,clear sky
Ballina,-28.87,153.57,68.0,77,90,11.41,AU,2020-10-26 20:28:34,overcast clouds
Marica,-22.92,-42.82,77.0,83,40,12.75,BR,2020-10-26 20:24:22,scattered clouds
Zhigansk,66.77,123.37,-0.94,92,100,12.19,RU,2020-10-26 20:28:34,overcast clouds
Tuatapere,-46.13,167.68,52.0,86,99,2.8,NZ,2020-10-26 20:28:35,overcast clouds
Havre-Saint-Pierre,50.23,-63.6,33.8,64,90,8.05,CA,2020-10-26 20:28:35,light rain
Aklavik,68.22,-135.01,12.2,85,75,6.93,CA,2020-10-26 20:28:35,broken clouds
Katobu,-4.94,122.53,75.29,88,100,3.18,ID,2020-10-26 20:28:35,overcast clouds
Northam,51.03,-4.22,51.01,83,32,5.01,GB,2020-10-26 20:28:36,light rain
Douglas,41.3,-96.17,32.0,87,1,5.82,US,2020-10-26 20:23:49,clear sky
Sao Filipe,14.9,-24.5,81.37,73,100,8.84,CV,2020-10-26 20:28:36,overcast clouds
Srednekolymsk,67.45,153.68,6.4,91,0,7.07,RU,2020-10-26 20:28:37,clear sky
Peniche,39.36,-9.38,55.99,82,100,7.02,PT,2020-10-26 20:28:37,overcast clouds
Toora-Khem,52.47,96.11,25.7,86,100,1.66,RU,2020-10-26 20:28:37,overcast clouds
Lakes Entrance,-37.88,147.98,52.0,97,96,10.65,AU,2020-10-26 20:28:37,light rain
San Vicente,-26.62,-54.13,69.3,94,67,6.15,AR,2020-10-26 20:28:37,light rain
Tha Chang,9.26,99.19,75.34,90,87,6.11,TH,2020-10-26 20:28:38,overcast clouds
Broken Hill,-31.95,141.43,50.0,93,75,4.7,AU,2020-10-26 20:28:38,broken clouds
Hobart,-42.88,147.33,51.8,53,75,4.7,AU,2020-10-26 20:24:38,broken clouds
Pangai,-19.8,-174.35,78.8,78,20,13.87,TO,2020-10-26 20:28:39,few clouds
Te Anau,-45.42,167.72,47.91,67,64,3.85,NZ,2020-10-26 20:28:39,broken clouds
Mayachnyy,52.68,55.69,30.15,92,82,19.1,RU,2020-10-26 20:28:40,broken clouds
Sucre,-19.03,-65.26,60.8,63,75,17.22,BO,2020-10-26 20:28:40,broken clouds
Puerto Lopez,4.08,-72.96,89.76,56,17,6.82,CO,2020-10-26 20:28:40,few clouds
Belyy Yar,53.6,91.39,39.2,93,40,8.95,RU,2020-10-26 20:28:40,light intensity shower rain
Vaini,-21.2,-175.2,73.4,88,40,10.29,TO,2020-10-26 20:28:41,scattered clouds
Rapid City,44.08,-103.23,21.99,52,1,5.82,US,2020-10-26 20:28:41,clear sky
Shelburne,44.08,-80.2,46.0,70,75,9.17,CA,2020-10-26 20:25:41,broken clouds
Aba,5.11,7.37,77.0,94,75,3.36,NG,2020-10-26 20:28:41,thunderstorm with light rain
Aykhal,66.0,111.5,-7.6,91,0,2.24,RU,2020-10-26 20:28:42,clear sky
Geraldton,-28.77,114.6,57.2,87,90,4.7,AU,2020-10-26 20:28:42,overcast clouds
Caucaia,-3.74,-38.65,82.4,74,20,10.29,BR,2020-10-26 20:28:42,few clouds
Catamarca,-28.47,-65.79,84.99,36,0,8.99,AR,2020-10-26 20:28:43,clear sky
High Level,58.52,-117.14,28.4,54,90,2.24,CA,2020-10-26 20:28:43,overcast clouds
Beidao,34.57,105.89,48.58,67,100,5.17,CN,2020-10-26 20:28:43,light rain
Lardos,36.09,28.02,71.6,73,20,3.36,GR,2020-10-26 20:28:44,few clouds
Tabas,33.6,56.92,60.8,23,0,4.7,IR,2020-10-26 20:28:44,clear sky
Kabinda,-6.13,24.48,70.09,95,100,1.14,CD,2020-10-26 20:28:45,heavy intensity rain
Prince Rupert,54.32,-130.32,50.0,93,90,16.11,CA,2020-10-26 20:25:08,mist
Clinton,42.59,-82.92,48.0,75,90,9.17,US,2020-10-26 20:26:42,overcast clouds
Aras,42.56,-2.36,51.01,81,75,2.66,ES,2020-10-26 20:28:48,broken clouds
Jasper,37.2,-94.35,33.8,86,90,12.75,US,2020-10-26 20:28:48,moderate rain
Samarai,-10.62,150.67,81.25,83,100,9.6,PG,2020-10-26 20:28:48,moderate rain
Kismayo,-0.36,42.55,79.86,83,83,14.05,SO,2020-10-26 20:28:49,broken clouds
Port Stanley,-51.7,-57.85,53.6,62,75,18.34,FK,2020-10-26 20:24:40,broken clouds
Airai,-8.93,125.41,60.85,100,80,1.74,TL,2020-10-26 20:28:49,broken clouds
Kenora,49.82,-94.43,26.6,49,75,12.75,CA,2020-10-26 20:28:50,broken clouds
Gat,31.61,34.76,73.99,100,0,1.01,IL,2020-10-26 20:28:50,clear sky
Saint Anthony,45.02,-93.22,32.0,46,75,6.93,US,2020-10-26 20:28:50,broken clouds
Ferrol,43.48,-8.24,53.6,81,20,9.17,ES,2020-10-26 20:28:51,few clouds
Dodge City,37.75,-100.02,23.0,79,90,16.11,US,2020-10-26 20:28:51,overcast clouds
Portland,45.52,-122.68,52.0,49,20,4.7,US,2020-10-26 20:27:32,few clouds
Barcelos,41.54,-8.62,53.6,100,75,3.36,PT,2020-10-26 20:27:09,broken clouds
Hervey Bay,-25.3,152.85,75.0,92,95,3.0,AU,2020-10-26 20:28:51,light rain
Ucluelet,48.93,-125.55,46.99,81,90,5.82,CA,2020-10-26 20:24:44,overcast clouds
Suhbaatar,50.23,106.21,25.88,82,0,0.89,MN,2020-10-26 20:28:52,clear sky
Virginia Beach,36.85,-75.98,64.99,88,90,8.05,US,2020-10-26 20:28:52,mist
Amurzet,47.7,131.1,36.82,82,100,4.9,RU,2020-10-26 20:28:52,overcast clouds
That Phanom,16.94,104.71,69.1,95,83,3.24,TH,2020-10-26 20:28:52,broken clouds
Otane,-39.88,176.63,60.01,90,69,1.86,NZ,2020-10-26 20:28:53,broken clouds
Tolaga Bay,-38.37,178.3,65.91,65,36,0.85,NZ,2020-10-26 20:28:53,scattered clouds
Bay Roberts,47.6,-53.26,37.99,64,31,3.0,CA,2020-10-26 20:28:53,scattered clouds
Cusuna,15.85,-85.23,82.02,64,100,1.19,HN,2020-10-26 20:28:53,overcast clouds
Oktyabrskiy,54.48,53.47,29.8,92,91,15.14,RU,2020-10-26 20:28:54,overcast clouds
Constitucion,-35.33,-72.42,58.73,58,28,17.87,CL,2020-10-26 20:28:54,scattered clouds
Puerto Carreno,6.19,-67.49,89.85,62,89,6.89,CO,2020-10-26 20:28:20,light rain
Saint-Joseph,-21.37,55.62,71.6,78,90,5.82,RE,2020-10-26 20:28:54,overcast clouds
Port-Cartier,50.03,-66.87,32.0,100,90,8.05,CA,2020-10-26 20:26:58,overcast clouds
Udachnyy,66.42,112.4,-7.6,91,0,2.24,RU,2020-10-26 20:24:07,clear sky
Fortuna,40.6,-124.16,72.0,22,1,8.05,US,2020-10-26 20:28:55,clear sky
Los Llanos De Aridane,28.66,-17.92,71.6,60,40,8.05,ES,2020-10-26 20:28:55,scattered clouds
Pontianak,-0.03,109.33,75.56,90,100,3.94,ID,2020-10-26 20:28:55,moderate rain
Sar-E Pul,35.83,66.17,39.74,64,0,2.01,AF,2020-10-26 20:28:55,clear sky
Hovd,48.01,91.64,28.45,78,0,1.05,MN,2020-10-26 20:28:56,clear sky
Camacha,33.08,-16.33,66.2,68,40,6.93,PT,2020-10-26 20:28:56,scattered clouds
Siverek,37.76,39.32,71.6,29,0,2.24,TR,2020-10-26 20:28:56,clear sky
Miandoab,36.97,46.1,53.33,36,0,4.97,IR,2020-10-26 20:28:56,clear sky
Ancud,-41.87,-73.82,52.0,87,90,12.75,CL,2020-10-26 20:28:57,shower rain
Ambilobe,-13.2,49.05,73.45,72,11,4.7,MG,2020-10-26 20:28:57,few clouds
Corinto,37.94,22.96,64.0,63,0,3.36,GR,2020-10-26 20:28:57,clear sky
Sampit,-2.53,112.95,74.12,95,100,1.52,ID,2020-10-26 20:28:57,moderate rain
Chara,56.91,118.26,17.38,90,100,5.08,RU,2020-10-26 20:28:57,overcast clouds
Coihaique,-45.58,-72.07,55.4,43,40,11.41,CL,2020-10-26 20:24:54,scattered clouds
Tasiilaq,65.61,-37.64,33.8,50,100,20.8,GL,2020-10-26 20:28:58,overcast clouds
La Orilla,17.98,-102.23,84.74,75,100,7.63,MX,2020-10-26 20:28:58,overcast clouds
Dicabisagan,17.08,122.42,79.38,84,100,4.16,PH,2020-10-26 20:28:58,moderate rain
Sao Joao Da Barra,-21.64,-41.05,75.2,94,75,4.7,BR,2020-10-26 20:28:59,light rain
Lesnoy,57.62,63.08,30.0,96,100,22.64,RU,2020-10-26 20:28:59,overcast clouds
Qaanaaq,77.48,-69.36,8.35,74,85,9.31,GL,2020-10-26 20:28:59,overcast clouds
Sakaiminato,35.55,133.23,48.2,93,20,3.36,JP,2020-10-26 20:28:59,few clouds
Hambantota,6.12,81.12,78.78,84,93,8.77,LK,2020-10-26 20:28:59,light rain
Namibe,-15.2,12.15,69.46,78,84,3.87,AO,2020-10-26 20:29:00,broken clouds
Cayenne,4.93,-52.33,82.4,78,39,8.05,GF,2020-10-26 20:29:00,moderate rain
Kattivakkam,13.22,80.32,80.6,88,75,3.36,IN,2020-10-26 20:29:00,mist
Riacho De Santana,-13.61,-42.94,86.0,55,0,4.7,BR,2020-10-26 20:29:00,clear sky
Kaeo,-35.1,173.78,64.0,95,21,2.62,NZ,2020-10-26 20:29:00,few clouds
Egersund,58.45,6.0,46.4,87,0,6.93,NO,2020-10-26 20:29:01,clear sky
Nijar,36.97,-2.21,64.4,34,0,5.82,ES,2020-10-26 20:29:01,clear sky
Sur,22.57,59.53,71.26,62,0,2.15,OM,2020-10-26 20:29:01,clear sky
Waipawa,-41.41,175.52,53.01,100,100,20.8,NZ,2020-10-26 20:29:02,moderate rain
Sitka,57.05,-135.33,48.69,90,100,10.13,US,2020-10-26 20:26:32,moderate rain
Pisco,-13.7,-76.22,71.6,64,0,10.29,PE,2020-10-26 20:29:02,clear sky
North Platte,41.12,-100.77,21.2,53,1,3.36,US,2020-10-26 20:29:03,clear sky
Ginda,30.69,78.49,49.37,47,0,5.82,IN,2020-10-26 20:29:03,clear sky
Tura,25.52,90.22,69.37,90,0,3.02,IN,2020-10-26 20:29:03,clear sky
Xining,36.62,101.77,33.48,91,100,0.65,CN,2020-10-26 20:29:04,snow
Touros,-5.2,-35.46,82.4,69,20,13.87,BR,2020-10-26 20:28:13,few clouds
Atar,20.52,-13.05,92.32,12,5,8.75,MR,2020-10-26 20:29:04,clear sky
Sabang,5.89,95.32,82.2,75,98,17.2,ID,2020-10-26 20:29:05,light rain
Sao Paulo De Olivenca,-3.38,-68.87,90.41,60,93,2.62,BR,2020-10-26 20:29:05,overcast clouds
Dikson,73.51,80.55,11.79,95,100,15.35,RU,2020-10-26 20:29:05,overcast clouds
Marion,39.77,-86.16,50.0,70,90,5.82,US,2020-10-26 20:26:36,overcast clouds
Bagdarin,54.43,113.6,15.37,87,0,5.59,RU,2020-10-26 20:29:06,clear sky
Raudeberg,61.99,5.14,46.0,93,93,8.68,NO,2020-10-26 20:29:06,overcast clouds
Port Hawkesbury,45.62,-61.35,44.01,60,90,6.93,CA,2020-10-26 20:29:07,overcast clouds
Jalu,29.03,21.55,70.9,52,5,6.26,LY,2020-10-26 20:29:07,clear sky
Preston,53.77,-2.72,53.6,71,40,21.92,GB,2020-10-26 20:28:46,shower rain
Sembakung,3.82,117.25,73.18,98,100,2.13,ID,2020-10-26 20:29:08,overcast clouds
Ternate,0.8,127.4,80.76,76,90,3.02,ID,2020-10-26 20:25:48,moderate rain
Aiquile,-18.2,-65.18,67.71,58,91,16.93,BO,2020-10-26 20:29:08,light rain
Arraial Do Cabo,-22.97,-42.03,77.0,73,40,8.05,BR,2020-10-26 20:29:09,scattered clouds
Kirakira,-10.45,161.92,79.88,81,71,4.32,SB,2020-10-26 20:29:09,broken clouds
Randolph,35.7,-79.82,66.0,82,40,1.92,US,2020-10-26 20:29:09,scattered clouds
Joshimath,30.57,79.57,47.46,44,0,4.09,IN,2020-10-26 20:29:09,clear sky
Teno,-34.87,-71.18,75.99,31,0,8.05,CL,2020-10-26 20:29:10,clear sky
Yuci,37.68,112.73,50.0,25,0,4.47,CN,2020-10-26 20:29:10,clear sky
Seymchan,62.88,152.43,15.01,94,0,5.77,RU,2020-10-26 20:29:10,clear sky
Yichun,47.7,128.9,37.2,80,100,3.2,CN,2020-10-26 20:29:11,overcast clouds
Sao Felix Do Xingu,-6.64,-51.99,89.58,50,93,0.22,BR,2020-10-26 20:29:11,overcast clouds
Eureka,40.8,-124.16,73.0,25,1,12.75,US,2020-10-26 20:29:11,clear sky
Probolinggo,-7.75,113.22,78.26,80,66,8.12,ID,2020-10-26 20:29:12,broken clouds
Nelson Bay,-32.72,152.15,60.01,100,90,9.17,AU,2020-10-26 20:29:12,light intensity shower rain
Itoman,26.12,127.67,71.6,68,20,6.93,JP,2020-10-26 20:29:12,few clouds
Egvekinot,66.32,-179.17,21.06,96,100,2.68,RU,2020-10-26 20:29:12,overcast clouds
Iquitos,-3.75,-73.25,93.2,56,40,3.36,PE,2020-10-26 20:29:13,scattered clouds
Torbay,47.67,-52.73,39.99,54,45,1.99,CA,2020-10-26 20:29:13,scattered clouds
Prado,-17.34,-39.22,76.78,84,7,8.93,BR,2020-10-26 20:29:13,clear sky
Hwange,-18.37,26.5,76.15,30,0,1.99,ZW,2020-10-26 20:29:13,clear sky
Shakhtinsk,49.71,72.59,44.6,81,75,22.37,KZ,2020-10-26 20:29:14,light intensity shower rain
San-Pedro,4.75,-6.64,77.2,90,81,7.05,CI,2020-10-26 20:29:14,light rain
Zwedru,6.07,-8.13,73.8,93,100,3.85,LR,2020-10-26 20:29:14,light rain
Taksimo,56.34,114.88,15.4,88,26,4.68,RU,2020-10-26 20:29:15,scattered clouds
Harper,4.38,-7.72,77.74,89,98,7.36,LR,2020-10-26 20:29:15,overcast clouds
Noyon,49.58,3.0,48.99,87,0,14.99,FR,2020-10-26 20:29:15,clear sky
Bilma,18.69,12.92,71.24,22,0,1.03,NE,2020-10-26 20:29:16,clear sky
Laguna,38.42,-121.42,72.0,8,1,20.8,US,2020-10-26 20:28:19,clear sky
Alekseyevsk,57.84,108.35,19.33,95,90,1.9,RU,2020-10-26 20:29:16,overcast clouds
Thinadhoo,0.53,72.93,82.78,69,48,7.38,MV,2020-10-26 20:29:17,scattered clouds
Seoul,37.57,126.98,46.4,100,1,0.65,KR,2020-10-26 20:26:57,mist
Biloela,-24.42,150.5,69.82,80,100,4.16,AU,2020-10-26 20:29:17,overcast clouds
Ponta Do Sol,32.67,-17.1,66.2,72,75,8.05,PT,2020-10-26 20:29:18,broken clouds
Jiexiu,37.02,111.91,54.91,38,79,4.68,CN,2020-10-26 20:29:18,broken clouds
Golden,39.76,-105.22,19.0,56,75,4.12,US,2020-10-26 20:29:19,broken clouds
Kavieng,-2.57,150.8,82.85,68,98,6.85,PG,2020-10-26 20:29:19,overcast clouds
Qaqortoq,60.72,-46.03,42.8,30,75,14.99,GL,2020-10-26 20:29:06,broken clouds
Faanui,-16.48,-151.75,79.97,78,97,15.68,PF,2020-10-26 20:29:20,light rain
Talnakh,69.49,88.4,1.4,91,40,2.24,RU,2020-10-26 20:29:21,mist
Bonneville,46.08,6.41,44.6,93,75,2.24,FR,2020-10-26 20:29:21,broken clouds
Camana,-16.62,-72.71,67.03,65,63,6.15,PE,2020-10-26 20:29:21,broken clouds
Spitsevka,45.12,42.51,50.0,81,0,8.95,RU,2020-10-26 20:29:22,clear sky
Marsh Harbour,26.54,-77.06,83.03,72,0,7.54,BS,2020-10-26 20:29:22,clear sky
Tadine,-21.55,167.88,74.03,76,5,11.48,NC,2020-10-26 20:29:22,clear sky
Stepnogorsk,52.35,71.89,44.87,83,75,19.86,KZ,2020-10-26 20:29:22,light rain
Ravar,31.27,56.81,50.77,47,0,2.66,IR,2020-10-26 20:29:23,clear sky
Itarema,-2.92,-39.92,81.28,74,0,14.65,BR,2020-10-26 20:29:23,clear sky
Bontang,0.13,117.5,75.74,90,100,5.93,ID,2020-10-26 20:29:23,overcast clouds
Nova Venecia,-18.71,-40.4,77.9,81,8,7.34,BR,2020-10-26 20:29:23,light rain
Rosarito,32.33,-117.03,71.6,15,20,14.99,MX,2020-10-26 20:29:24,few clouds
Nizhniy Mamon,50.19,40.51,47.86,71,98,6.33,RU,2020-10-26 20:29:24,overcast clouds
Klaksvik,62.23,-6.59,39.2,86,15,4.7,FO,2020-10-26 20:29:24,few clouds
Charters Towers,-20.1,146.27,76.95,59,95,4.72,AU,2020-10-26 20:29:25,overcast clouds
Kwinana,-32.25,115.77,62.01,100,40,8.05,AU,2020-10-26 20:29:25,scattered clouds
Kaniama,-7.57,24.18,69.08,92,100,2.42,CD,2020-10-26 20:29:25,overcast clouds
Manzhouli,49.6,117.43,24.82,88,0,22.15,CN,2020-10-26 20:29:25,clear sky
Sangar,63.92,127.47,17.02,97,100,3.36,RU,2020-10-26 20:29:26,light snow
Puerto Leguizamo,-0.19,-74.78,93.6,45,96,3.69,CO,2020-10-26 20:29:26,overcast clouds
Tonekabon,36.82,50.87,66.2,88,75,2.24,IR,2020-10-26 20:29:26,broken clouds
Noumea,-22.28,166.46,78.01,64,0,2.24,NC,2020-10-26 20:29:27,clear sky
Artyom,40.47,50.33,59.0,93,20,6.93,AZ,2020-10-26 20:29:27,few clouds
Shadegan,30.65,48.66,68.0,52,0,8.12,IR,2020-10-26 20:29:27,clear sky
Plettenberg Bay,-34.05,23.37,63.64,84,1,11.36,ZA,2020-10-26 20:29:27,clear sky
Luganville,-15.53,167.17,77.0,88,75,6.93,VU,2020-10-26 20:29:28,light intensity shower rain
Altay,47.87,88.12,31.89,72,0,3.85,CN,2020-10-26 20:29:29,clear sky
Arman,59.7,150.17,32.18,88,96,12.59,RU,2020-10-26 20:29:29,overcast clouds
Waounde,15.26,-12.87,89.6,33,0,2.24,SN,2020-10-26 20:29:29,clear sky
Butterworth,5.4,100.36,77.0,94,20,2.24,MY,2020-10-26 20:29:30,few clouds
Tautira,-17.73,-149.15,84.2,66,75,12.75,PF,2020-10-26 20:29:31,broken clouds
Saint-Pierre,-21.34,55.48,71.6,78,90,5.82,RE,2020-10-26 20:29:31,overcast clouds
Marzuq,14.4,46.47,64.31,33,4,1.3,YE,2020-10-26 20:29:32,clear sky
Gimli,50.63,-96.99,30.0,98,0,5.99,CA,2020-10-26 20:29:32,clear sky
Konevo,62.12,39.32,33.17,94,87,9.57,RU,2020-10-26 20:29:33,overcast clouds
Bose,45.46,8.01,53.01,90,100,1.01,IT,2020-10-26 20:29:33,light rain
Atambua,-9.11,124.89,75.42,85,100,3.29,ID,2020-10-26 20:29:33,overcast clouds
Wanning,18.8,110.4,72.68,84,91,10.56,CN,2020-10-26 20:29:33,overcast clouds
Verkh-Usugli,52.7,115.17,20.73,85,0,5.64,RU,2020-10-26 20:29:34,clear sky
Ecija,37.54,-5.08,57.99,76,0,2.24,ES,2020-10-26 20:29:34,clear sky
Biscarrosse,44.39,-1.17,53.6,81,22,4.7,FR,2020-10-26 20:29:34,light rain
Maniitsoq,65.42,-52.9,28.0,89,0,17.54,GL,2020-10-26 20:29:35,clear sky
Ust-Koksa,50.27,85.61,32.68,86,75,2.1,RU,2020-10-26 20:29:35,broken clouds
Guiglo,6.55,-7.5,75.51,88,100,3.09,CI,2020-10-26 20:29:35,moderate rain
Barra Do Garcas,-15.89,-52.26,82.4,74,75,2.24,BR,2020-10-26 20:29:35,moderate rain
Marshalltown,42.05,-92.91,30.99,63,75,9.17,US,2020-10-26 20:29:36,broken clouds
Puerto Baquerizo Moreno,-0.9,-89.6,75.2,69,40,10.29,EC,2020-10-26 20:29:36,scattered clouds
Gazanjyk,39.24,55.52,64.83,27,100,5.88,TM,2020-10-26 20:29:36,overcast clouds
Beringovskiy,63.05,179.32,31.05,91,0,2.73,RU,2020-10-26 20:29:37,clear sky
Adilabad,19.67,78.53,74.57,71,43,3.96,IN,2020-10-26 20:29:37,scattered clouds
Pontes E Lacerda,-15.23,-59.34,88.7,51,44,5.46,BR,2020-10-26 20:29:37,light rain
Bathsheba,13.22,-59.52,84.2,66,75,11.41,BB,2020-10-26 20:29:37,shower rain
Ilulissat,69.22,-51.1,19.4,73,75,4.7,GL,2020-10-26 20:29:38,broken clouds
Kasongo-Lunda,-6.47,16.82,70.81,85,75,0.49,CD,2020-10-26 20:29:38,broken clouds
Half Moon Bay,37.46,-122.43,71.6,9,1,10.29,US,2020-10-26 20:29:38,clear sky
Kloulklubed,7.04,134.26,78.8,88,75,6.08,PW,2020-10-26 20:29:38,broken clouds
Bullhead City,35.15,-114.57,59.0,11,5,41.38,US,2020-10-26 20:29:38,clear sky
Ensley,30.52,-87.27,86.0,54,1,3.36,US,2020-10-26 20:29:39,clear sky
Maragogi,-9.01,-35.22,78.3,76,0,16.04,BR,2020-10-26 20:26:29,clear sky
Novobirilyussy,56.95,90.67,35.67,97,100,5.03,RU,2020-10-26 20:29:39,light rain
Shubarshi,48.59,57.19,37.53,73,90,20.27,KZ,2020-10-26 20:29:39,overcast clouds
Tandalti,13.02,31.87,90.48,21,0,8.28,SD,2020-10-26 20:29:39,clear sky
Mehamn,71.04,27.85,32.0,85,0,16.11,NO,2020-10-26 20:29:40,clear sky
Varhaug,58.61,5.65,46.4,87,0,6.93,NO,2020-10-26 20:29:40,clear sky
Andalan,5.96,121.39,79.72,81,100,10.6,PH,2020-10-26 20:29:40,light rain
Ust-Ishim,57.69,71.17,40.87,94,100,12.71,RU,2020-10-26 20:29:40,moderate rain
Safranbolu,41.25,32.69,57.54,77,0,1.61,TR,2020-10-26 20:29:40,clear sky
Pacifica,37.61,-122.49,70.0,9,1,10.29,US,2020-10-26 20:27:02,clear sky
Saldanha,-33.01,17.94,62.6,82,25,3.36,ZA,2020-10-26 20:29:41,scattered clouds
Storforshei,66.4,14.52,37.4,92,40,4.7,NO,2020-10-26 20:29:41,scattered clouds
Assiniboia,49.63,-105.98,24.12,92,100,13.91,CA,2020-10-26 20:29:41,overcast clouds
Berlevag,70.86,29.09,33.8,86,0,16.11,NO,2020-10-26 20:29:41,clear sky
Cockburn Town,21.46,-71.14,86.0,66,75,11.41,TC,2020-10-26 20:29:42,broken clouds
Sakakah,29.97,40.21,77.0,9,0,9.17,SA,2020-10-26 20:29:42,clear sky
Rotterdam,51.92,4.48,52.0,81,90,13.87,NL,2020-10-26 20:29:42,overcast clouds
Longyearbyen,78.22,15.64,26.6,73,75,5.82,SJ,2020-10-26 20:29:42,broken clouds
Oranjemund,-28.55,16.43,59.05,88,3,7.58,NA,2020-10-26 20:29:43,clear sky
Maua,-23.67,-46.46,73.4,73,20,13.87,BR,2020-10-26 20:29:43,few clouds
General Roca,-39.03,-67.58,75.2,25,0,2.24,AR,2020-10-26 20:29:43,clear sky
Wakkanai,45.41,141.67,46.76,79,90,2.53,JP,2020-10-26 20:29:43,light rain
Lukaya,-0.15,31.87,69.8,94,90,13.87,UG,2020-10-26 20:29:44,light rain
Khasan,42.43,130.64,48.06,76,100,3.56,RU,2020-10-26 20:29:45,overcast clouds
San Quintin,30.48,-115.95,69.44,50,15,9.1,MX,2020-10-26 20:29:45,few clouds
Livny,52.43,37.61,45.81,81,100,5.5,RU,2020-10-26 20:29:45,light rain
Hami,42.8,93.45,37.49,66,100,3.24,CN,2020-10-26 20:29:46,overcast clouds
Petropavlovsk-Kamchatskiy,53.05,158.65,37.4,100,20,4.47,RU,2020-10-26 20:29:46,few clouds
Gharghoda,22.17,83.35,70.54,61,29,2.8,IN,2020-10-26 20:29:46,scattered clouds
Moengo,5.62,-54.4,86.54,60,84,6.82,SR,2020-10-26 20:29:47,broken clouds
Calama,-22.47,-68.93,77.0,5,0,20.8,CL,2020-10-26 20:29:47,clear sky
Dukhovshchina,55.19,32.41,45.0,93,99,8.66,RU,2020-10-26 20:29:47,overcast clouds
Joensuu,62.6,29.76,48.0,93,90,10.29,FI,2020-10-26 20:29:48,light intensity shower rain
Abu Samrah,35.3,37.18,70.61,22,0,9.8,SY,2020-10-26 20:29:49,clear sky
Georgetown,5.41,100.34,77.0,94,20,2.24,MY,2020-10-26 20:28:14,few clouds
Mahenge,-8.68,36.72,69.4,78,92,4.94,TZ,2020-10-26 20:29:50,overcast clouds
Nieuwpoort,51.12,2.77,48.99,93,100,11.41,BE,2020-10-26 20:29:50,light rain
Trelew,-43.25,-65.31,73.8,24,100,21.61,AR,2020-10-26 20:29:45,overcast clouds
Russell,32.35,-85.2,82.4,58,75,3.96,US,2020-10-26 20:29:51,broken clouds
Kem,64.96,34.58,43.88,90,100,14.65,RU,2020-10-26 20:29:52,overcast clouds
Tigil,57.8,158.67,36.14,83,100,2.95,RU,2020-10-26 20:29:52,overcast clouds
Sibolga,1.74,98.78,75.78,81,100,2.57,ID,2020-10-26 20:29:53,overcast clouds
Jiwani,25.05,61.74,74.5,63,0,6.33,PK,2020-10-26 20:29:53,clear sky
Tres Arroyos,-38.37,-60.28,70.93,40,0,8.3,AR,2020-10-26 20:29:54,clear sky
Svetlaya,46.54,138.33,39.79,71,0,4.38,RU,2020-10-26 20:29:54,clear sky
Vendome,47.8,1.07,50.0,87,75,9.17,FR,2020-10-26 20:29:55,broken clouds
Nuuk,64.18,-51.72,28.4,74,75,8.05,GL,2020-10-26 20:29:55,broken clouds
Rocha,-34.48,-54.33,58.06,74,100,16.8,UY,2020-10-26 20:29:56,overcast clouds
Castelo Do Piaui,-5.32,-41.55,95.76,31,97,4.85,BR,2020-10-26 20:27:59,overcast clouds
Sabya,17.15,42.63,86.0,70,20,0.72,SA,2020-10-26 20:29:57,few clouds
Marawi,8.0,124.29,75.0,90,100,5.01,PH,2020-10-26 20:29:57,overcast clouds
San Felipe,10.34,-68.74,81.99,71,20,8.23,VE,2020-10-26 20:29:57,few clouds
Labelle,26.76,-81.44,87.01,74,90,19.46,US,2020-10-26 20:29:58,overcast clouds
Maine-Soroa,13.21,12.02,82.54,17,0,7.56,NE,2020-10-26 20:29:59,clear sky
Mizdah,31.45,12.98,62.58,63,0,4.63,LY,2020-10-26 20:29:59,clear sky
Okakarara,-20.58,17.43,78.3,31,99,19.06,NA,2020-10-26 20:30:00,overcast clouds
Sinnar,13.57,33.57,88.68,23,2,8.88,SD,2020-10-26 20:30:01,clear sky
Ayr,55.46,-4.63,50.0,76,20,18.34,GB,2020-10-26 20:28:59,few clouds
Keflavik,64.0,-22.56,39.2,86,75,17.22,IS,2020-10-26 20:27:21,broken clouds
Bambous Virieux,-20.34,57.76,73.4,73,40,10.29,MU,2020-10-26 20:30:03,scattered clouds
Reidsville,36.35,-79.66,69.8,72,1,2.1,US,2020-10-26 20:30:04,clear sky
Kuragino,53.9,92.67,34.34,91,100,8.5,RU,2020-10-26 20:30:05,overcast clouds
Paraiso,9.84,-83.87,73.4,69,75,8.05,CR,2020-10-26 20:30:05,broken clouds
Puri,19.8,85.85,73.4,88,20,6.85,IN,2020-10-26 20:30:06,haze
Nouadhibou,20.93,-17.03,77.0,57,0,16.11,MR,2020-10-26 20:30:06,clear sky
Santa Rosa,14.31,121.11,80.6,78,75,9.17,PH,2020-10-26 20:30:06,broken clouds
Meybod,32.25,54.02,60.8,21,0,4.7,IR,2020-10-26 20:30:07,clear sky
Nome,64.5,-165.41,34.0,74,90,5.82,US,2020-10-26 20:30:08,overcast clouds
Hobyo,5.35,48.53,79.2,80,27,6.53,SO,2020-10-26 20:30:08,scattered clouds
Santa Cruz De La Palma,28.68,-17.76,71.6,60,40,8.05,ES,2020-10-26 20:30:09,scattered clouds
Buin,-33.73,-70.75,80.6,26,0,9.17,CL,2020-10-26 20:30:10,clear sky
Petropavl,54.88,69.16,44.94,84,99,12.44,KZ,2020-10-26 20:30:10,overcast clouds
Mujiayingzi,42.12,118.78,35.4,71,0,8.3,CN,2020-10-26 20:30:11,clear sky
Ongandjera,-17.88,15.07,78.51,26,25,11.63,NA,2020-10-26 20:30:11,scattered clouds
Uarini,-2.99,-65.11,91.4,59,20,3.36,BR,2020-10-26 20:25:33,few clouds
Meghri,38.9,46.24,58.91,46,0,2.42,AM,2020-10-26 20:30:12,clear sky
Baykit,61.67,96.37,16.92,94,85,3.13,RU,2020-10-26 20:30:12,overcast clouds
Maceio,-9.67,-35.74,80.6,78,0,14.99,BR,2020-10-26 20:27:06,clear sky
Kapuskasing,49.42,-82.43,26.6,63,75,6.93,CA,2020-10-26 20:30:13,broken clouds
Takoradi,4.88,-1.76,78.03,87,100,6.46,GH,2020-10-26 20:30:13,light rain
Chum Phae,16.54,102.1,70.84,94,99,3.11,TH,2020-10-26 20:30:14,overcast clouds
Asau,46.43,26.4,51.01,98,4,2.98,RO,2020-10-26 20:30:14,light rain
San Cristobal,7.77,-72.22,89.6,52,40,13.87,VE,2020-10-26 20:27:48,scattered clouds
Vaitape,-16.52,-151.75,80.94,76,81,16.13,PF,2020-10-26 20:30:15,light rain
Emerald,-23.53,148.17,68.0,56,75,8.05,AU,2020-10-26 20:30:15,broken clouds
Omsukchan,62.53,155.8,15.73,94,100,7.11,RU,2020-10-26 20:30:16,overcast clouds
Uray,60.12,64.78,26.33,96,100,15.88,RU,2020-10-26 20:30:17,overcast clouds
Tilichiki,60.47,166.1,29.32,97,100,6.64,RU,2020-10-26 20:30:17,overcast clouds
Awjilah,29.11,21.29,69.89,53,0,5.88,LY,2020-10-26 20:30:17,clear sky
Vanimo,-2.67,141.3,77.2,74,25,0.63,PG,2020-10-26 20:30:18,scattered clouds
Flinders,-34.58,150.86,57.0,87,98,3.0,AU,2020-10-26 20:30:18,overcast clouds
Montrose,38.42,-108.27,18.0,80,100,3.0,US,2020-10-26 20:30:18,overcast clouds
Caraguatatuba,-23.63,-45.49,80.6,61,40,19.46,BR,2020-10-26 20:30:19,scattered clouds
Marienburg,54.04,19.03,52.0,100,96,7.61,PL,2020-10-26 20:30:19,overcast clouds
Gumdag,39.21,54.59,62.38,30,100,4.88,TM,2020-10-26 20:30:19,overcast clouds
Komsomolskiy,40.43,71.72,50.0,53,0,6.93,UZ,2020-10-26 20:30:19,clear sky
Barranca,-10.75,-77.77,67.23,73,100,8.55,PE,2020-10-26 20:30:20,overcast clouds
Alamos,27.02,-108.93,89.01,50,0,5.01,MX,2020-10-26 20:30:20,clear sky
Palmer,42.16,-72.33,52.0,93,90,5.82,US,2020-10-26 20:30:20,light intensity drizzle
Ostersund,63.18,14.64,41.0,93,100,10.29,SE,2020-10-26 20:30:21,overcast clouds
Mayahi,13.96,7.67,84.31,14,32,8.21,NE,2020-10-26 20:30:21,scattered clouds
Ous,60.91,61.52,24.15,95,100,13.24,RU,2020-10-26 20:30:21,overcast clouds
Tual,-5.67,132.75,81.99,74,100,7.38,ID,2020-10-26 20:30:22,moderate rain
Cuenca,-2.88,-78.98,73.4,43,40,3.36,EC,2020-10-26 20:29:53,scattered clouds
Beloha,-25.17,45.05,66.18,90,0,2.82,MG,2020-10-26 20:30:22,clear sky
Wellington,-41.29,174.78,52.0,100,100,20.8,NZ,2020-10-26 20:27:07,moderate rain
Urusha,54.05,122.9,31.14,99,100,7.56,RU,2020-10-26 20:30:23,overcast clouds
Manokwari,-0.87,134.08,79.21,73,0,5.06,ID,2020-10-26 20:30:23,clear sky
Piacabucu,-10.41,-36.43,78.57,77,0,21.21,BR,2020-10-26 20:30:23,clear sky
Porto Santo,33.07,-16.34,66.2,68,40,6.93,PT,2020-10-26 20:30:23,scattered clouds
Oussouye,12.48,-16.55,86.0,94,0,4.7,SN,2020-10-26 20:30:24,clear sky
Vila Velha,-20.33,-40.29,77.0,73,40,17.22,BR,2020-10-26 20:30:24,scattered clouds
Brigantine,39.41,-74.36,66.2,88,90,5.82,US,2020-10-26 20:30:24,overcast clouds
Tatawin,32.93,10.45,68.0,49,0,2.24,TN,2020-10-26 20:30:25,clear sky
Alofi,-19.06,-169.92,73.4,94,75,13.87,NU,2020-10-26 20:30:25,broken clouds
Zdvinsk,54.7,78.66,43.2,86,100,13.96,RU,2020-10-26 20:30:25,overcast clouds
Muravlenko,63.79,74.52,12.58,97,100,15.43,RU,2020-10-26 20:30:25,overcast clouds
San Andres,12.58,-81.7,86.0,70,75,3.36,CO,2020-10-26 20:30:26,broken clouds
Soe,-9.86,124.28,66.6,99,93,2.24,ID,2020-10-26 20:30:26,overcast clouds
Comodoro Rivadavia,-45.87,-67.5,66.2,37,0,17.22,AR,2020-10-26 20:30:26,clear sky
Umm Kaddadah,13.6,26.69,83.48,21,0,14.76,SD,2020-10-26 20:30:26,clear sky
Patacamaya,-17.23,-67.92,61.3,35,54,14.09,BO,2020-10-26 20:30:27,broken clouds
Bandar,2.05,99.75,71.92,90,100,2.48,ID,2020-10-26 20:30:27,overcast clouds
Acari,-15.43,-74.62,73.31,50,59,9.6,PE,2020-10-26 20:30:27,broken clouds
Sobolevo,54.43,31.9,44.74,91,63,10.6,RU,2020-10-26 20:30:27,broken clouds
Olafsvik,64.89,-23.71,40.93,75,100,14.79,IS,2020-10-26 20:30:28,light rain
Ngunguru,-35.62,174.5,64.0,95,14,3.89,NZ,2020-10-26 20:30:28,few clouds
Ust-Maya,60.42,134.53,11.1,92,92,2.46,RU,2020-10-26 20:30:28,overcast clouds
Fredericton,45.95,-66.67,41.0,75,90,5.82,CA,2020-10-26 20:27:07,light rain
Berdigestyakh,62.1,126.7,11.82,94,100,8.46,RU,2020-10-26 20:30:29,overcast clouds
Shitkino,56.37,98.35,34.07,95,100,5.61,RU,2020-10-26 20:30:29,overcast clouds
Valdivia,-39.81,-73.25,53.6,76,90,8.05,CL,2020-10-26 20:30:05,overcast clouds
Huarmey,-10.07,-78.15,69.71,68,100,10.27,PE,2020-10-26 20:30:30,overcast clouds
Ostrovnoy,68.05,39.51,39.25,93,100,28.81,RU,2020-10-26 20:30:30,light rain
Evinayong,1.44,10.55,69.85,99,100,1.92,GQ,2020-10-26 20:30:30,light rain
Xai-Xai,-25.05,33.64,72.28,89,8,7.63,MZ,2020-10-26 20:30:30,clear sky
Vostok,46.49,135.88,27.25,99,0,3.49,RU,2020-10-26 20:30:31,clear sky
Knysna,-34.04,23.05,62.6,100,2,8.05,ZA,2020-10-26 20:30:31,clear sky
Rudbar,30.15,62.6,55.51,33,0,0.76,AF,2020-10-26 20:30:31,clear sky
Buraydah,26.33,43.98,69.8,23,0,5.93,SA,2020-10-26 20:30:31,clear sky
Madang,-5.22,145.8,76.93,81,28,4.68,PG,2020-10-26 20:30:32,scattered clouds
Vila Franca Do Campo,37.72,-25.43,68.0,77,20,18.34,PT,2020-10-26 20:30:32,few clouds
Port Lincoln,-34.73,135.87,55.33,87,1,8.19,AU,2020-10-26 20:30:32,clear sky
Ouango,4.31,22.56,70.14,95,100,2.98,CF,2020-10-26 20:30:32,overcast clouds
Mandalgarh,25.2,75.1,69.87,27,0,3.89,IN,2020-10-26 20:30:33,clear sky
Taltal,-25.4,-70.48,63.3,66,43,5.73,CL,2020-10-26 20:30:33,scattered clouds
Revda,56.8,59.93,26.6,92,90,22.37,RU,2020-10-26 20:30:33,light snow
Yelniki,54.62,43.88,32.79,94,0,3.42,RU,2020-10-26 20:30:33,clear sky
Wilmington,34.23,-77.94,73.99,69,1,5.82,US,2020-10-26 20:29:55,clear sky
Begoro,6.39,-0.38,71.15,96,78,3.27,GH,2020-10-26 20:30:34,broken clouds
Guaruja,-23.99,-46.26,78.01,78,20,8.05,BR,2020-10-26 20:30:10,few clouds
Worcester,42.33,-71.83,48.0,93,90,4.7,US,2020-10-26 20:28:20,mist
Sheridan,44.83,-106.92,28.0,57,1,0.87,US,2020-10-26 20:30:34,clear sky
Yatou,37.15,122.38,54.91,79,15,3.96,CN,2020-10-26 20:30:35,few clouds
Ixtapa,20.7,-105.2,89.6,70,5,9.17,MX,2020-10-26 20:30:35,clear sky
Guerrero Negro,27.98,-114.06,74.08,49,3,18.59,MX,2020-10-26 20:29:37,clear sky
Caravelas,-17.71,-39.25,75.6,83,4,7.23,BR,2020-10-26 20:30:35,clear sky
Fort Nelson,58.81,-122.7,30.2,92,90,5.82,CA,2020-10-26 20:30:15,light snow
Manono,-7.3,27.42,71.24,86,97,2.17,CD,2020-10-26 20:30:36,overcast clouds
Spirovo,57.42,34.98,44.13,88,100,8.43,RU,2020-10-26 20:30:36,overcast clouds
Centralia,46.72,-122.95,52.0,49,1,5.82,US,2020-10-26 20:28:27,clear sky
La Paz,-16.5,-68.15,55.4,30,75,11.41,BO,2020-10-26 20:26:01,broken clouds
Balkhash,46.84,74.98,50.81,62,24,19.93,KZ,2020-10-26 20:30:37,few clouds
Illapel,-31.63,-71.17,76.86,29,6,8.66,CL,2020-10-26 20:26:11,clear sky
Novaci,45.18,23.67,50.94,81,16,2.15,RO,2020-10-26 20:30:37,few clouds
Mayor Pablo Lagerenza,-19.93,-60.77,82.83,53,65,11.97,PY,2020-10-26 20:30:37,broken clouds
Chekhov,55.14,37.47,45.0,86,0,4.47,RU,2020-10-26 20:30:37,clear sky
Panama City,8.99,-79.52,87.01,74,20,5.82,PA,2020-10-26 20:28:50,few clouds
Oxford,51.75,-1.26,46.0,87,0,9.17,GB,2020-10-26 20:28:40,clear sky
Oron,4.83,8.23,77.27,90,100,2.44,NG,2020-10-26 20:30:38,light rain
Oruro,-17.98,-67.15,62.89,31,69,15.64,BO,2020-10-26 20:30:38,broken clouds
Byron Bay,-28.65,153.62,68.0,77,90,11.41,AU,2020-10-26 20:28:47,overcast clouds
Chebarkul,54.97,60.36,26.55,95,100,23.09,RU,2020-10-26 20:30:40,light snow
Chumikan,54.72,135.31,30.43,85,64,1.3,RU,2020-10-26 20:30:40,broken clouds
Broome,42.25,-75.83,57.0,93,90,8.05,US,2020-10-26 20:30:40,moderate rain
San Ramon,37.78,-121.98,71.01,6,1,10.29,US,2020-10-26 20:27:08,clear sky
Cururupu,-1.83,-44.87,80.69,75,96,4.61,BR,2020-10-26 20:30:41,overcast clouds
Kirkwall,58.98,-2.96,48.2,93,45,7.67,GB,2020-10-26 20:28:25,scattered clouds
Arlit,18.74,7.39,80.24,15,0,9.93,NE,2020-10-26 20:30:41,clear sky
Kanashevo,55.22,62.06,28.4,100,90,29.08,RU,2020-10-26 20:30:42,heavy snow
Dudinka,69.41,86.18,1.4,91,40,2.24,RU,2020-10-26 20:30:42,mist
Abu Kamal,34.45,40.92,68.86,24,0,6.73,SY,2020-10-26 20:30:42,clear sky
Capitao Poco,-1.75,-47.06,83.59,65,98,10.04,BR,2020-10-26 20:30:42,heavy intensity rain
Farafangana,-22.82,47.83,69.96,83,1,5.77,MG,2020-10-26 20:30:42,clear sky
Manzil Kamil,35.62,10.67,71.01,77,0,14.99,TN,2020-10-26 20:30:43,clear sky
Syracuse,37.09,15.28,62.6,82,0,9.17,IT,2020-10-26 20:30:43,clear sky
Makakilo City,21.35,-158.09,82.4,69,20,5.82,US,2020-10-26 20:30:43,few clouds
Isabela,6.71,121.97,78.73,81,100,4.79,PH,2020-10-26 20:30:43,light rain
Leningradskiy,69.38,178.42,26.17,98,100,7.0,RU,2020-10-26 20:29:07,snow
Gander,48.97,-54.59,39.2,48,75,6.93,CA,2020-10-26 20:30:44,broken clouds
Kokoda,-8.88,147.74,76.93,69,99,0.89,PG,2020-10-26 20:30:44,overcast clouds
Brae,60.4,-1.35,50.0,87,40,4.7,GB,2020-10-26 20:30:44,scattered clouds
Rehoboth,-23.32,17.08,76.95,28,97,10.33,NA,2020-10-26 20:30:45,overcast clouds
Lagoa,39.05,-27.98,68.23,89,100,24.56,PT,2020-10-26 20:30:45,overcast clouds
Isagarh,24.83,77.88,69.78,31,0,0.38,IN,2020-10-26 20:30:45,clear sky
Kyra,49.58,111.98,24.69,77,100,2.91,RU,2020-10-26 20:30:45,overcast clouds
Ejido,8.55,-71.24,73.9,66,97,3.0,VE,2020-10-26 20:30:46,light rain
Paita,-5.09,-81.11,77.0,65,0,10.29,PE,2020-10-26 20:30:46,clear sky
Dhaka,23.71,90.41,80.6,74,0,2.62,BD,2020-10-26 20:27:07,haze
Khani,41.96,42.96,62.6,63,0,17.22,GE,2020-10-26 20:30:47,clear sky
Kyzyl,51.7,94.45,25.68,85,87,1.23,RU,2020-10-26 20:30:47,overcast clouds
Koster,-25.86,26.9,69.87,37,43,9.78,ZA,2020-10-26 20:30:48,scattered clouds
Kimbe,-5.55,150.14,78.58,85,85,2.86,PG,2020-10-26 20:30:48,light rain
Aripuana,-9.17,-60.63,90.23,47,87,3.18,BR,2020-10-26 20:30:49,overcast clouds
Sironj,24.1,77.7,70.83,41,0,2.51,IN,2020-10-26 20:30:49,clear sky
Muisne,0.6,-80.03,84.2,74,75,9.17,EC,2020-10-26 20:30:49,broken clouds
Kendari,-3.94,122.5,75.96,86,100,1.3,ID,2020-10-26 20:30:50,overcast clouds
Skelleftea,64.75,20.95,41.0,100,58,6.93,SE,2020-10-26 20:30:50,broken clouds
Luwuk,-0.95,122.79,76.95,77,98,3.56,ID,2020-10-26 20:26:43,overcast clouds
Pacific Grove,36.62,-121.92,71.6,9,1,6.93,US,2020-10-26 20:30:51,clear sky
Fayetteville,35.05,-78.88,73.99,68,1,3.36,US,2020-10-26 20:28:24,clear sky
Tejutla,15.12,-91.8,70.0,92,79,1.01,GT,2020-10-26 20:30:51,light rain
Husavik,66.04,-17.34,37.4,69,90,5.82,IS,2020-10-26 20:30:52,overcast clouds
Catuday,16.29,119.81,80.15,79,100,19.66,PH,2020-10-26 20:30:52,light rain
Acapulco,16.86,-99.89,87.8,74,90,4.7,MX,2020-10-26 20:30:22,overcast clouds
Dunedin,-45.87,170.5,51.01,79,71,4.34,NZ,2020-10-26 20:30:52,broken clouds
Huntsville,34.73,-86.59,73.4,64,90,6.46,US,2020-10-26 20:27:10,overcast clouds
Marsaxlokk,35.84,14.54,69.01,72,20,4.7,MT,2020-10-26 20:30:53,few clouds
Visnes,59.36,5.22,52.0,87,20,11.41,NO,2020-10-26 20:30:53,few clouds
Homer,59.64,-151.55,44.01,75,90,21.92,US,2020-10-26 20:30:53,overcast clouds
Horsham,51.06,-0.33,48.99,87,0,5.82,GB,2020-10-26 20:30:53,clear sky
Bonavista,48.65,-53.11,37.0,63,96,4.0,CA,2020-10-26 20:30:53,overcast clouds
Inta,66.03,60.17,13.23,92,0,4.9,RU,2020-10-26 20:30:54,clear sky
Barmer,25.75,71.38,76.68,22,0,5.1,IN,2020-10-26 20:30:54,clear sky
Port Hardy,50.7,-127.42,44.6,100,90,8.05,CA,2020-10-26 20:30:54,light rain
Radhanpur,23.83,71.6,78.71,39,0,6.6,IN,2020-10-26 20:30:55,clear sky
Lloydminster,53.28,-110.0,35.6,40,40,9.17,CA,2020-10-26 20:30:55,scattered clouds
Ketchikan,55.34,-131.65,51.8,100,90,13.87,US,2020-10-26 20:30:10,moderate rain
Smolenka,52.14,113.5,19.4,73,0,6.71,RU,2020-10-26 20:30:55,clear sky
Kondinskoye,59.65,67.41,27.79,97,100,18.32,RU,2020-10-26 20:30:56,overcast clouds
Sorland,67.67,12.69,46.4,81,75,20.8,NO,2020-10-26 20:30:56,broken clouds
Minervino Murge,41.08,16.08,62.01,87,0,6.93,IT,2020-10-26 20:30:56,clear sky
Obo,5.4,26.49,69.89,93,90,1.32,CF,2020-10-26 20:30:56,overcast clouds
Walvis Bay,-22.96,14.51,57.2,82,0,6.93,NA,2020-10-26 20:30:57,clear sky
Doha,25.29,51.53,80.6,65,0,2.24,QA,2020-10-26 20:27:49,clear sky
Xunchang,28.45,104.72,62.51,77,87,1.28,CN,2020-10-26 20:30:57,overcast clouds
Punta Alta,-38.88,-62.07,74.75,25,0,7.99,AR,2020-10-26 20:30:57,clear sky
Roura,4.73,-52.33,82.4,78,31,8.05,GF,2020-10-26 20:30:58,scattered clouds
Bafoulabe,13.81,-10.83,82.29,15,0,3.2,ML,2020-10-26 20:30:58,clear sky
Katsuura,35.13,140.3,60.8,67,20,12.75,JP,2020-10-26 20:30:58,few clouds
Nipawin,53.37,-104.0,30.2,46,1,10.29,CA,2020-10-26 20:30:58,clear sky
Mazagao,-0.12,-51.29,91.4,63,20,13.87,BR,2020-10-26 20:30:58,few clouds
Lexington Park,38.27,-76.45,64.4,77,90,4.7,US,2020-10-26 20:30:24,overcast clouds
Adwa,14.16,38.9,60.21,40,14,4.92,ET,2020-10-26 20:30:59,few clouds
Maldonado,-34.67,-54.92,59.0,77,75,16.11,UY,2020-10-26 20:30:59,broken clouds
Trinidad,-14.83,-64.9,96.8,50,40,13.87,BO,2020-10-26 20:30:59,scattered clouds
De-Kastri,51.47,140.78,34.02,87,0,5.41,RU,2020-10-26 20:31:00,clear sky
Kudahuvadhoo,2.67,72.89,82.22,76,6,8.28,MV,2020-10-26 20:31:00,clear sky
La Ronge,55.1,-105.28,30.2,50,20,12.75,CA,2020-10-26 20:31:00,few clouds
Tynda,55.17,124.72,27.55,98,100,6.46,RU,2020-10-26 20:31:00,snow
Odienne,9.51,-7.57,75.33,55,94,0.92,CI,2020-10-26 20:31:00,overcast clouds
Tomatlan,19.93,-105.25,87.26,69,80,10.09,MX,2020-10-26 20:31:01,broken clouds
Kenai,60.55,-151.26,45.0,65,90,10.29,US,2020-10-26 20:31:01,overcast clouds
Moree,-29.47,149.85,57.2,87,33,8.75,AU,2020-10-26 20:31:01,scattered clouds
Daloa,6.88,-6.45,75.45,78,100,2.57,CI,2020-10-26 20:31:01,overcast clouds
Aranos,-24.13,19.12,73.6,40,55,10.54,NA,2020-10-26 20:31:02,broken clouds
Houma,29.6,-90.72,81.0,65,40,6.93,US,2020-10-26 20:30:36,scattered clouds
Rudnogorsk,57.26,103.75,20.52,91,90,3.42,RU,2020-10-26 20:31:02,overcast clouds
Port Augusta,-32.5,137.77,55.4,87,75,4.7,AU,2020-10-26 20:31:02,broken clouds
Mwingi,-0.93,38.06,68.32,77,55,8.16,KE,2020-10-26 20:31:03,broken clouds
Hurghada,27.26,33.81,78.8,69,0,10.89,EG,2020-10-26 20:31:03,clear sky
Oskemen,49.96,82.61,46.4,45,75,6.71,KZ,2020-10-26 20:31:03,broken clouds
Lakatoro,-16.1,167.42,77.0,88,75,6.93,VU,2020-10-26 20:31:03,light intensity shower rain
Ranfurly,-45.13,170.1,41.0,95,100,1.01,NZ,2020-10-26 20:31:04,overcast clouds
Kazanskaya,45.41,40.44,55.0,60,41,13.53,RU,2020-10-26 20:31:04,scattered clouds
Zhaoyuan,37.36,120.4,51.01,83,37,3.13,CN,2020-10-26 20:31:04,scattered clouds
Turukhansk,65.82,87.98,-0.78,89,0,7.0,RU,2020-10-26 20:31:04,clear sky
Steinbach,50.17,8.57,51.01,93,20,8.05,DE,2020-10-26 20:31:05,few clouds
Kushima,31.46,131.23,59.29,75,0,3.11,JP,2020-10-26 20:31:05,clear sky
Alice Springs,-23.7,133.88,55.4,35,0,4.7,AU,2020-10-26 20:26:43,clear sky
Yerbogachen,61.28,108.01,20.26,96,100,3.22,RU,2020-10-26 20:31:05,overcast clouds
Diapaga,12.07,1.79,82.11,24,1,5.03,BF,2020-10-26 20:31:06,clear sky
Kokopo,-4.35,152.26,79.38,81,46,2.91,PG,2020-10-26 20:31:06,scattered clouds
Obeliai,55.97,25.15,51.22,91,100,10.36,LT,2020-10-26 20:31:06,overcast clouds
Lerwick,60.15,-1.15,50.0,87,40,4.7,GB,2020-10-26 20:31:06,scattered clouds
Moose Factory,51.26,-80.61,28.4,63,90,11.41,CA,2020-10-26 20:31:06,overcast clouds
Mount Isa,-20.73,139.5,69.8,22,90,6.93,AU,2020-10-26 20:30:42,overcast clouds
Kurchum,48.57,83.65,43.07,52,5,18.01,KZ,2020-10-26 20:31:07,clear sky
Boa Esperanca,-21.09,-45.57,75.11,58,21,1.16,BR,2020-10-26 20:31:07,few clouds
Altamira,-3.2,-52.21,93.2,49,40,3.36,BR,2020-10-26 20:31:07,scattered clouds
Luanda,-8.84,13.23,77.0,83,40,4.7,AO,2020-10-26 20:31:08,scattered clouds
Henties Bay,-22.12,14.28,57.0,92,0,5.55,NA,2020-10-26 20:31:08,clear sky
La Rioja,42.25,-2.5,51.01,81,75,6.91,ES,2020-10-26 20:31:09,broken clouds
Tigre,-34.43,-58.58,72.0,56,0,12.75,AR,2020-10-26 20:31:09,clear sky
Coahuayana,18.73,-103.68,84.2,70,40,11.41,MX,2020-10-26 20:31:09,scattered clouds
Guantanamo,20.14,-75.21,87.8,70,75,11.41,CU,2020-10-26 20:31:09,broken clouds
Esmeralda,21.85,-78.12,84.2,74,75,8.05,CU,2020-10-26 20:31:10,broken clouds
Flin Flon,54.77,-101.86,26.6,53,5,9.17,CA,2020-10-26 20:31:10,clear sky
Koslan,63.46,48.9,21.2,97,100,4.94,RU,2020-10-26 20:31:10,overcast clouds
Amqui,48.46,-67.43,36.0,97,90,8.05,CA,2020-10-26 20:31:11,overcast clouds
Faya,18.39,42.45,64.4,17,0,3.36,SA,2020-10-26 20:31:11,clear sky
Deputatskiy,69.3,139.9,-0.36,88,72,2.66,RU,2020-10-26 20:31:11,broken clouds
Bridlington,54.08,-0.19,48.99,81,64,12.75,GB,2020-10-26 20:31:11,broken clouds
Maningrida,-12.07,134.27,78.8,71,100,3.89,AU,2020-10-26 20:31:11,overcast clouds
Florencia,43.77,11.25,59.0,93,75,5.82,IT,2020-10-26 20:31:12,moderate rain
Xapuri,-10.65,-68.5,96.8,50,40,9.17,BR,2020-10-26 20:31:12,scattered clouds
San Bartolome De Tirajana,27.92,-15.57,71.6,68,20,13.87,ES,2020-10-26 20:31:13,few clouds
Taywarah,33.35,64.42,29.17,84,0,1.9,AF,2020-10-26 20:31:13,clear sky
Morehead,37.27,-87.18,55.4,81,90,3.36,US,2020-10-26 20:31:13,overcast clouds
Nefteyugansk,61.1,72.6,24.8,100,90,15.66,RU,2020-10-26 20:31:13,overcast clouds
Mitsamiouli,-11.38,43.28,78.12,75,8,8.03,KM,2020-10-26 20:31:13,clear sky
Santiago De Cao,-7.96,-79.24,64.4,82,75,13.87,PE,2020-10-26 20:31:14,broken clouds
Bairnsdale,-37.83,147.62,53.01,95,100,3.8,AU,2020-10-26 20:31:14,light rain
Marovoay,-16.1,46.63,78.8,74,20,2.24,MG,2020-10-26 20:31:14,few clouds
Puka,58.06,26.24,52.0,93,100,6.93,EE,2020-10-26 20:31:14,overcast clouds
Colesberg,-30.72,25.1,66.09,52,73,7.49,ZA,2020-10-26 20:31:15,broken clouds
Benguela,-12.58,13.41,75.6,78,100,5.53,AO,2020-10-26 20:31:15,overcast clouds
Sungaipenuh,-2.08,101.38,65.17,87,100,1.21,ID,2020-10-26 20:31:15,overcast clouds
Diego De Almagro,-26.37,-70.05,78.08,20,0,10.83,CL,2020-10-26 20:31:15,clear sky
Praia Da Vitoria,38.73,-27.07,69.8,77,40,10.07,PT,2020-10-26 20:30:39,scattered clouds
Hearst,49.68,-83.67,30.27,76,0,6.67,CA,2020-10-26 20:31:16,clear sky
Todos Santos,23.45,-110.22,79.0,70,0,15.14,MX,2020-10-26 20:31:17,clear sky
Pontevedra,42.43,-8.64,59.0,93,75,4.7,ES,2020-10-26 20:28:19,fog
Shu,43.6,73.76,51.89,44,3,8.52,KZ,2020-10-26 20:31:18,clear sky
Raga,8.46,25.68,73.24,63,68,3.31,SS,2020-10-26 20:31:18,broken clouds
Kieta,-6.22,155.63,81.54,72,57,2.55,PG,2020-10-26 20:31:19,broken clouds
Salisbury,51.07,-1.8,46.99,87,0,6.93,GB,2020-10-26 20:28:06,clear sky
Bristol,41.83,-71.17,55.4,76,90,3.76,US,2020-10-26 20:31:19,overcast clouds
Olinda,-8.01,-34.86,82.4,69,75,8.05,BR,2020-10-26 20:31:20,broken clouds
Rundu,-17.93,19.77,76.03,19,0,4.68,NA,2020-10-26 20:31:20,clear sky
Surt,31.21,16.59,72.36,75,0,16.71,LY,2020-10-26 20:31:21,clear sky
Nioro,13.35,-15.75,82.87,42,0,3.0,GM,2020-10-26 20:31:21,clear sky
Donghai,22.95,115.64,68.11,81,81,6.8,CN,2020-10-26 20:31:21,broken clouds
Uyemskiy,64.47,40.85,33.8,91,90,11.18,RU,2020-10-26 20:31:22,light rain
Esso,55.93,158.7,34.39,88,100,2.3,RU,2020-10-26 20:31:22,overcast clouds
Sandy Bay,-42.91,147.35,51.8,53,75,4.7,AU,2020-10-26 20:31:22,broken clouds
Viransehir,37.24,39.76,65.57,26,90,3.24,TR,2020-10-26 20:31:23,overcast clouds
Faribault,44.3,-93.27,28.4,63,90,8.05,US,2020-10-26 20:31:23,overcast clouds
San Rafael,-34.62,-68.33,78.35,18,28,20.94,AR,2020-10-26 20:30:35,scattered clouds
Masyaf,35.07,36.34,77.0,22,0,2.24,SY,2020-10-26 20:31:23,clear sky
